"game_lang_code","context","EU"
"display_language","Menu item","Euskara"
"game_title","Game Title","Amaraunean"
,,
" "," "," "
"Press <precise_aim> to toggle precise aim mode.","Tutorial Text","Sakatu <precise_aim> punteria zehatz modua gaitzeko/desgaitzeko."
"<precise_aim> Toggle Precise Aim","Tutorial Text","<precise_aim> Punteria zehatza aktib. / desaktib."
"<interact> Grip Board","Tutorial Text","<interact> Heldu taulari"
"<interact> Release Board","Tutorial Text","<interact> Askatu taula"
"<aim> Move map cursor","Tutorial Text","<aim> Mugitu mapako kurtsorea"
"<aim> Select     <uia> Toggle Sticker","Tutorial Text","<aim> Hautatu     <uia> Gaitu eranskailua"
"<uia> Toggle Sticker","Tutorial Text","<uia> Gaitu eranskailua"
"<uia> Select","Tutorial Text","<uia> Hautatu"
"<uib> Back","Tutorial Text","<uib> Atzera"
"<pause> Pause","Tutorial Text","<pause> Pausatu"
"<jump> Fast Forward","Tutorial Text","<jump> Kamera bizkorra"
"Sorry, this area is still under construction.","Tutorial Text","Sentitzen dugu, gune hau oraindik eraikitze-lanetan dago"
"Please come back later.","Tutorial Text","Itzul zaitez geroago."
"<move> to move.","Tutorial Text","<move> mugitzeko."
"Hold <dance> to dance.","Tutorial Text","Mantendu <dance> dantzan egiteko."
"Hold <jump> to jump.","Tutorial Text","Mantendu <jump> jauzi egiteko."
"<aim> to aim your web, then hold <grapple> to grapple to a point.","Tutorial Text","<aim> amaraunarekin apuntatzeko, gero mantendu <grapple> puntu batera lotzeko."
"Aim at a point and hold <weave> to to start spinning a web.","Tutorial Text","Apuntatu puntu batera eta mantendu <weave> amarauna iruten hasteko."
"Now aim at a second point and release <weave> to build a bridge.","Tutorial Text","Orain apuntatu bigarren puntu batera eta askatu <weave> zubi bat eraikitzeko."
"<laser> to shoot lasers.","Tutorial Text","<laser> laser izpiak jaurtitzeko."
"Hey little spider! I got a QUEST for ya!","Generic Bee","Ei, armiarmatxo! EGITEKO bat daukat zuretzat!"
"The QUEEN is making a new PRINCESS to make a brand new hive!","Generic Bee","ERREGINA buru-belarri dabil PRINTZESA berri bat sortu nahian, erlauntza guztiz berri bat eraikitzeko!"
"To make a princess she needs royal jelly, and to make the jelly she needs POLLEN!","Generic Bee","Printzesa berri bat sortzeko erregina-jelea behar du, eta jelea sortzeko lore-hautsa, POLENA!"
"Only the best pollen - PINK ORCHID POLLEN! 20 Grains should do it.","Generic Bee","Goi-mailako polena soilik - ORKIDEA ARROSAREN POLENA! Nahikoa du 20 alerekin."
"If you bring that up to Canopy's Peak, I bet she'd love ya! Come on!","Generic Bee","Ale horiek Zuhaitzetako Gainera eramaten badituzu asko poztuko da! Ekin ba lanari!"
"Bring 20 pollen to the QUEEN","Journal quest text","Eraman 20 polen ale ERREGINAri"
"Oh, G'day there!","Generic Bee","Oi, egun on!"
"Are you on the quest for pollen too?","Generic Bee","Zu ere polena biltzeko lanetan zabiltza?"
"I hope we get enough. I can't wait to meet the new PRINCESS!","Generic Bee","Ea behar beste biltzen dugun. PRINTZESA berria ezagutzeko irrikitan nago!"
"Sure is tiring flying all over this forest though.","Generic Bee","Baina ez da lan erraza baso osoa hegan zeharkatzea."
"You go on ahead without me. I'll catch up!","Generic Bee","Zoaz, ez nire zain gelditu. Laster jarraituko dut nik ere!"
"Hullo hullo! You're a weird lookin' bee aintcha?","Generic Bee","Iepe iepe! Bai erle bitxia zarena!"
"Must have pretty good wings to have flown up to this branch though.","Generic Bee","Baina hegal onak izango dituzu, bestela ez zinateke adar honetaraino igotzeko gai izango."
"Let's fly over this gap together! I wanna see your technique!","Generic Bee","Egin dezagun hegan hutsarte hau gainditzeko! Hegan egiteko zure teknika ikusi nahi dut!"
"Well that sure is a weird way to fly!","Generic Bee","Alajaina, hori bai dela hegan egiteko era berezia!"
"Can't argue with results though...","Generic Bee","Baina argi dago helburua lortzeko balio dizula..."
"You keep on doing your weird flying, and good luck with the POLLEN QUEST!","Generic Bee","Segi aurrera hegakera bitxi horrekin, eta zorte on POLENAREN BILAKETArekin!"
"Hmmm...","Generic Bee","Mmmm..."
"You seen all these fruit flies buzzing about?","Generic Bee","Ikusi dituzu ozpin-euli guzti horiek batetik bestera burrunbaka?"
"Prrreetty annoying...","Generic Bee","Amooorrrragarriak dira..."
"I bet someone like you could catch 'em in your webs and eat 'em...","Generic Bee","Ziur zu moduko batek ez duela arazorik haiek amaraunean harrapatu eta jateko..."
"Just sayin'...","Generic Bee","Ideia bat baino ez da..."
"Wouldn't complain...","Generic Bee","Ez nintzateke kexatuko hala egingo bazenu..."
"Good job dealing with those pests, little spider.","Generic Bee","Lan bikaina egin duzu izurrite horren kontra, armiarmatxo."
"Much more peaceful around here now.","Generic Bee","Orain inguru hau askoz lasaiago dago."
"Oh hey again!","Generic Bee","Aupa, kaixo berriro!"
"Glad to see you took me up on the POLLEN QUEST!","Generic Bee","Pozten nau POLENAREN BILAKETAn parte hartzea onartu duzula ikusteak!"
"Canopy's peak is just a bit further this way.","Generic Bee","Zuhaitzetako Gaina gertu dago bide honetatik jarraituz."
"I hope you get the 20 we need! The QUEEN is waiting!","Generic Bee","Espero dut beharrezko 20 aleak lortuko dituzula! ERREGINA zain duzu!"
"Look it's the little spider!","Generic Bee","Begira, armiarma txikia da!"
"I heard you've been helping out with the POLLEN QUEST!","Generic Bee","Entzun dut POLENAREN BILAKETAn laguntzen aritu zarela!"
"If you've got your 20 grains, go on in.","Generic Bee","Dagoeneko bildu badituzu 20 aleak, sartu barrura."
"The QUEEN awaits!","Generic Bee","ERREGINA zain duzu!"
"Welcome to my hive, little spider.","The QUEEN Bee","Ongi etorri nire erlauntzara, armiarmatxo."
"I've heard so much about you!","The QUEEN Bee","Asko hitz egin didate zuri buruz!"
"Have you brought the pollen for the Princess' royal jelly?","The QUEEN Bee","Ekarri al duzu printzesaren erregina-jelearentzako beharrezko polena?"
"Ah... not quite, dear spider.","The QUEEN Bee","Ai... ez dago behar beste, armiarmatxo."
"Don't worry, I'm sure there are more orchids out there.","The QUEEN Bee","Ez kezkatu, ziur naiz orkidea gehiago daudela kanpoaldean."
"Come back when you've found 20, okay deary?","The QUEEN Bee","Buelta zaitez 20 ale batzean, ados, laztana?"
"Oh my! Look at all the pollen you've collected!","The QUEEN Bee","Ai ama! Baina zenbat polen bildu duzu!"
"Such a bounty must be properly rewarded.","The QUEEN Bee","Halako uztak bere neurriko ordainsaria behar du."
"Perhaps you should be considered a princess in your own right.","The QUEEN Bee","Agian printzesa izendatu beharko zinduket, ondo merezia duzu."
"Take this, princess spider.","The QUEEN Bee","Tori, armiarma printzesa."
"You've more than earned it.","The QUEEN Bee","Ondo irabazia duzu."
"Now wait here a moment, while we prepare the royal jelly for my daughter.","The QUEEN Bee","Itxaron hemen une batez alabarentzat erregina-jelea prestatzen dudan bitartean."
"Oh yes! This shall make a powerful jelly.","The QUEEN Bee","Oi bai! Honekin jele ahaltsua egin ahalko dut."
"The new Princess will be magnificent!","The QUEEN Bee","Printzesa berria sekulakoa izango da!"
"Wait here a moment while we prepare her.","The QUEEN Bee","Itxaron hemen une batez bera prest izan arte."
"I am sure she would love to meet you.","The QUEEN Bee","Ziur naiz ezagutu nahiko zaituela."
"Hello again, dear spider.","The QUEEN Bee","Kaixo berriz, armiarma maitea."
"Hello again, princess spider.","The QUEEN Bee","Kaixo berriz, armiarma printzesa."
"I did not expect to see you back here.","The QUEEN Bee","Ez nuen espero hona itzuliko zinenik."
"I hope my daughter has been treating you well.","The QUEEN Bee","Espero dut nire alabak ondo tratatuko zaituela. "
"Now then...","The QUEEN Bee","Esan, beraz..."
"Did you need a lift back to your tree?","The QUEEN Bee","Zure zuhaitzera hegan eraman zaitzadan nahi duzu?"
"Well please feel free to stay as long as you like","The QUEEN Bee","Nahi beste denbora egon zaitezke gure artea."
"Wait one moment deary.","The QUEEN Bee","Itxaron une batez, laztana."
"The princess is on her way to pick you up","The QUEEN Bee","Printzesa bidean da. Zure bila dator."
"BEEHOLD!","PRINCESS Bee","ADI GUZZZZTIOK!"
"Your PRINCESS has arrived!","PRINCESS Bee","Hemen da zuon PRINTZESA berria!"
"She's so beautiful!","Generic Bee","Hain da ederra!"
"Such powerful wings!","Generic Bee","Zeinen hegal indartsuak!"
"Thank you all for your hard labour, preparing my royal jelly.","PRINCESS Bee","Milesker guztioi niretzako erregina-jelea prestatzeko egindako lan gogorragatik."
"Dear spider, my mother told me of your predicament as I lay in my cell.","PRINCESS Bee","Armiarma maitea, amak esan dit erlazuloan nengoen bitartean zeinen fin aritu zaren lanean."
"You're planning a rescue mission to a magic island in the sky?","PRINCESS Bee","Erreskate-misio bat prestatzen zabiltza, zeruko uharte magiko batean?"
"I can think of no greater adventure with which to stretch my new wings!","PRINCESS Bee","Abentura ezin hobea dirudi nire hegal berriak luzatzeko, alajaina!"
"Come with me. I will take you home and help prepare for our voyage.","PRINCESS Bee","Zatoz nirekin. Etxera eramango zaitut, eta gure bidaiarako prestatzen lagunduko."
"So this is the balloon that's supposed to take us to the magic island in the sky?","PRINCESS Bee","Beraz, hau da zeruko uharte magiko hartaraino igoko gaituen globoa?"
"It'll never make it in this condition!","PRINCESS Bee","Duen egoera tamalgarriarekin, ez dut uste iritsiko denik!"
"Let me fix that up for you!","PRINCESS Bee","Utzidazu, nik konponduko dizut!"
"Ta Da!","PRINCESS Bee","Ta Da!"
"We shouldn't have any problems now. These wax patches are completely airtight!","PRINCESS Bee","Orain ez genuke inolako arazorik izan beharko. Argizarizko adabakiak guztiz hermetikoak dira!"
"I'm ready when you are little spider!","PRINCESS Bee","Gertu nago, zuk nahi duzunean, armiarmatxo!"
"Can't wait for our big adventure!","PRINCESS Bee","Gure abentura handirako irrikitan nago!"
"Yes! Now this is what I call an adventure!","PRINCESS Bee","Bai! Hau bai dela benetako abentura!"
"Hold on tight, little spider!","PRINCESS Bee","Heldu gogor, armiarmatxo!"
"But don't worry, I'll catch you if you fall!","PRINCESS Bee","Baina ez kezkatu, erortzen bazara nik harrapatuko zaitut!"
"The wind is really picking up now!","PRINCESS Bee","Haizea gogorki dabil ufaka orain!"
"I feel so alive!","PRINCESS Bee","Bizi-bizirik sentitzen naiz!"
"This is it! The Sky Bower!","PRINCESS Bee","Iritsi gara! Hau da Zeruko Pergola!"
"The airship won't be able to make it any further with this storm raging.","PRINCESS Bee","Aireontziak ezingo du aurrera egin ekaitz bortitz honekin."
"You'll have to continue without us.","PRINCESS Bee","Gu gabe jarraitu beharko duzu."
"Go! Find your love!","PRINCESS Bee","Zoaz! Zoaz zure maitearen bila!"
"We'll meet you on the other side!","PRINCESS Bee","Beste aldean elkartuko gara!"
"Find your boyfriend in the Sky Bower","Journal quest text","Bilatu zure mutil-laguna Zeruko Pergolan"
"Escape the Sky Bower with your boyfriend","Journal quest text","Egin ihes Zeruko Pergolatik mutil-lagunarekin batera"
"Little spider! You made it!","PRINCESS Bee","Armiarmatxo! Lortu duzu!"
"And you've rescued your boyfriend!","PRINCESS Bee","Eta mutil-laguna erreskatatu duzu!"
"We're almost ready to go home.","PRINCESS Bee","Etxera bueltatzeko prest gaude ia!"
"Vlad is just bringing the airship around now.","PRINCESS Bee","Vlad aireontzia honantz gidatzen ari da."
"Wait...","PRINCESS Bee","Itxaron..."
"He's coming! Watch out!","PRINCESS Bee","Txoria dator! Kontuz!"
"Oh, he is NOT getting away with that again!","PRINCESS Bee","Oi, ez, EZ da berriro berearekin aterako!"
"Hold on little spider!","PRINCESS Bee","Eutsi, armiarmatxo!"
"We're going to catch this bird!","PRINCESS Bee","Txori zantar hori harrapatuko dugu!"
"Defeat the Bowerbird","Journal quest text","Garaitu Pergolako Txoria"
"Canopy's Peak 5,000cm","Sign text in canopy","Zuhaitzetako Gaina 5000cm"
"Canopy's Peak 4,700cm","Sign text in canopy","Zuhaitzetako Gaina 4700cm"
"Canopy's Peak 4,200cm","Sign text in canopy","Zuhaitzetako Gaina 4200cm"
"Canopy's Peak 3,600cm","Sign text in canopy","Zuhaitzetako Gaina 3600cm"
"Canopy's Peak 3,500cm","Sign text in canopy","Zuhaitzetako Gaina 3500cm"
"Canopy's Peak 2,350cm","Sign text in canopy","Zuhaitzetako Gaina 2350cm"
"Canopy's Peak 2,200cm","Sign text in canopy","Zuhaitzetako Gaina 2200cm"
"Canopy's Peak 1,950cm","Sign text in canopy","Zuhaitzetako Gaina 1950cm"
"Canopy's Peak 1,800cm","Sign text in canopy","Zuhaitzetako Gaina 1800cm"
"Canopy's Peak 1,200cm","Sign text in canopy","Zuhaitzetako Gaina 1200cm"
"Canopy's Peak 500cm","Sign text in canopy","Zuhaitzetako Gaina 500cm"
"Forge","Sign text in ant nest","Forja"
"Pipeworks","Sign text in ant nest","Hoditeria"
"Propellant Pump","Sign text in ant nest","Propultsatzaile-ponpa"
"Water Pump","Sign text in ant nest","Ur-ponpa"
"Pump Power Station","Sign text in ant nest","Ponpen argindar-estazioa"
"Living Quarters","Sign text in ant nest","Bizitegia"
"Engineering","Sign text in ant nest","Ingeniaritza"
"Warning: Landslides","Sign text outside one way slide to ant nest","Kontuz: Lur-jausiak!"
"Behold, predator! I am The Fly Lord!","Fly Lord","Kontuz, harraparia! Eulien Jauna nauzu!"
"Your fangs are too small to devour me!","Fly Lord","Zure letaginak txikiegiak dira ni irensteko!"
"If my kin don't sit well in your stomach, come speak with me again.","Fly Lord","Etor zaitez nigana bueltan nire ahaideek urdaileko mina ematen dizutenean."
"We'll see what we can do about that...","Fly Lord","Konponbidea emango dizut..."
"How many little flies you got in that tum, predator?","Fly Lord","Zenbat eulitxo sartu dituzu zure sabel horretan, harraparia?"
"None? Well colour me surprised!","Fly Lord","Bat ere ez? Hau bai ez nuela espero!"
"If you end up with any prisoners in there, come on back okay?","Fly Lord","Norbait sabelean harrapatzen baduzu, itzuli nigana, ados?"
"Well... not for long!","Fly Lord","Tira... nahikoa da!"
"Haha! Fly free friends!","Fly Lord","Jaja! Egin hegan aske, lagunok!"
" Fly free!","Fly Lord","Egin hegan!"
"If my kin don't sit well in your stomach, come pay me a visit.","Fly Lord","Nire ahaideek urdaileko mina ematean, zatoz nigana bueltan."
"What? You haven't eaten even a single fly?","Fly Lord","Zer? Ez duzu euli bakar bat ere jan?"
"Well, perhaps I judged you too harshly.","Fly Lord","Hara, agian zorrotzegi epaitu zaitut."
"Be on your way, spider. And stay away from temptation.","Fly Lord","Segi zure bideari, armiarma."
"Greetings, spider.","Fly Lord","Agur t'erdi, armiarma."
"I appreciate your visit, and your continued virtue.","Fly Lord","Eskertzen dut zure bisita, eta zure bertute apurtezina."
"Oh... How tragically predictable.","Fly Lord","O... Tristea bezain aurresangarria."
"You just couldn't help yourself, could you?","Fly Lord","Ezin izan diozu tentaldiari eutsi, e?"
"I'll free you of your burden of course.","Fly Lord","Zama arintzen lagunduko dizut, jakina."
"But know this, spider: I am disappointed in you.","Fly Lord","Baina jakizu, armiarma: desengainua hartu dut zurekin."
"Well if it isn't the mighty predator.","Fly Lord","Nor dugu hemen, ez al da ba harrapari ahaltsua!"
"Feeling a little full?","Fly Lord","Zer? Betekada?"
"Let's see if we can't free some of those you've imprisoned.","Fly Lord","Ikustagun, ea barru horretatik norbait aska dezakegun."
"Haha! Fly my friends!","Fly Lord","Jaja! Egin hegan, lagunok!"
"Fly free!","Fly Lord","Zoazte aske!"
"Begone, predator!","Fly Lord","Orain ospa, harraparia!"
"There's nothing for you to eat here.","Fly Lord","Hemen ez da jatekorik zuretzat."
"You...","Fly Lord","Zu..."
"You monster!","Fly Lord","Munstro halakoa!"
"You ate every last one of them!","Fly Lord","Azken eulia ere irentsi duzu!"
"I curse you, predator!","Fly Lord","Madarikatua zu, harraparia!"
"You shall know the pain of the fly!","Fly Lord","Eulion oinazea ezagutuko duzu!"
"Greetings Comrade spider!","Mark the ant","Egun on, armiarma burkidea!"
"I hear you've got some problems that could use an ant solution.","Mark the ant","Entzun dut zure arazoak konpontzeko inurrion soluzio bat behar duzula."
"We'd love to help out, but we're still recovering from the latest fire ant raid.","Mark the ant","Gustura lagunduko genizuke, baina oraindik suzko inurrien azken oldarraldiko kalteak konpontzen gabiltza."
"The workers could really use some extra help down there, if you've got time.","Mark the ant","Langileek atseginez hartuko lukete laguntza pixkat behe horretan, astirik baduzu behintzat."
"Speak with Comrade Carl in the Mech-Ant chamber.","Mark the ant","Hitz egin Carl burkidearekin, Inurri Mekanikoaren ganberan dago."
"She'll be able to give you some work.","Mark the ant","Berak emango dizu egitekoren bat."
"Talk to Comrade Carl in the Mech-Ant chamber","Journal quest text","Hitz egin Carl burkidearekin, Inurri Mekanikoaren ganberan."
"We appreciate you coming by. Volunteers are always welcome!","Mark the ant","Asko eskertzen dizugu etorri izana. Boluntarioak beti dira ongi etorriak!"
"Well well, if it isn't the brand new Engineer!","Mark the ant","Hara, hara, hara, hemen dugu gure ingeniari berria!"
"We appreciate the assist.","Mark the ant","Milesker laguntzagatik."
"The team has already arrived to work on that problem of yours.","Mark the ant","Dagoeneko abiatu da talde bat zure arazo horretan lan egitera."
"Go see Lead Engineer Vlad, up by the baloon.","Mark the ant","Zoaz Vlad ingeniari-burua ikustera, globoan dago."
"Oh! Greetings Comrade!","Mark the ant","O! Kaixo, burkide!"
"I'm not sure how you snuck by me before...","Mark the ant","Ez dakit nola ez zaitudan lehenago ikusi..."
"But we appreciate the assist!","Mark the ant","Baina asko eskertzen dizugu laguntzera etortzea!"
"We've sent a team up ahead to work on that problem of yours.","Mark the ant","Talde bat bidali dugu gora, zure arazoarekin laguntzera."
"But don't be gone too long!","Mark the ant","Baina itzul zaitez luze gabe!"
"The colony still needs help finishing the Mech-Ant!","Mark the ant","Koloniak oraindik laguntza behar du Inurri Mekanikoa eraikitzeko!"
"Hey Comrade!","Mark the ant","Ei, burkide!"
"Don't be gone too long!","Mark the ant","Zatoz laster bueltan!"
"Oh dear!","Generic ant","Amatxo maitea!"
"That was quite the fall we had!","Generic ant","Zer erorikoa hartu duguna!"
"Things are a bit crazy around the nest right now.","Generic ant","Nahaste handia dago une honetan habia inguruan."
"We'd love you're help, if you're willing!","Generic ant","Izugarri eskertuko dugu zure laguntza, hartarako prest bazaude!"
"Go see Comrade Carl in the Mech-Ant chamber.","Generic ant","Zoaz Carl burkidearekin hitz egitera, Inurri Mekanikoaren ganberara."
"She'll know what to do.","Generic ant","Berak esango dizu zer egin."
"Talk to Comrade Carl in the Mech-Ant chamber.","Generic ant","Hitz egin Carl burkidearekin, Inurri Mekanikoaren ganberan."
"Ouch!","Generic ant","Atx!"
"This mudslide is getting dangerous!","Generic ant","Lur-jausi hau gero eta arriskutsuagoa da!"
"I was trying to repair this power station to open up access to the pumps.","Generic ant","Argindar-estazioa konpondu nahian nenbilen, ponpetara sarbidea irekitzeko."
"But I slipped and fell!","Generic ant","Baina irristatu eta beheraino erori naiz!"
"Could you lend me a mandible?","Generic ant","Baraila bat ematerik bai?"
"Think you could give me a lift out of this ditch?","Generic ant","Atera nazakezu zanga honetatik?"
"Thanks for helping me out!","Generic ant","Milesker laguntzagatik!"
"You're a true friend.","Generic ant","Benetako laguna zara."
"Now I just need to find a way to fix this gearbox...","Generic ant","Orain engranaje-kaxa hori konpontzeko modua bilatu behar dut..."
"You here to help with the elevator?","Generic ant","Igogailuarekin laguntzera zatoz?"
"It's been broken down since the attack, but I can't reach the part we need to fix it.","Generic ant","Erasoalditik ez du funtzionatzen, eta ezin dut konpondu ahal izateko beharrezko pieza eskuratu."
"If you can get me the brass cog from the other side of this chamber","Generic ant","Ganbararen beste aldean dagoen letoizko engranajea ekartzen badidazu..."
"we should be able to get it running.","Generic ant","...berriro martxan jarri ahalko dugu."
"Without that elevator, we're stuck up here.","Generic ant","Igogailurik gabe, hemen goian harrapaturik gaude."
"Fix the elevator with a brass cog","Generic ant","Konpondu igogailua letoizko engranajearekin"
"There's no way down from here without that elevator.","Generic ant","Ez dago behera jaisteko modurik igogailurik gabe."
"Thanks Comrade. I'll deliver the cog back to the main shaft.","Generic ant","Eskerrik asko, burkide. Engranajea berriro ardatz nagusira eramango dut."
"Just pop it into the gearbox and we should be good.","Generic ant","Hartu eta koka ezazu engranaje-kaxan, eta funtzionatu beharko luke."
"Thanks again for fixing the elevator!","Generic ant","Milesker berriro igogailua konpontzeagatik!"
"Oh, you fixed the drawbridge already?","Generic ant","O, dagoeneko zubi altxagarria konpondu duzu?"
"Oh, thank goodness you're here!","Generic ant","Oi, eskerrak laguntzera etorri zarela!"
"The fire ants hit this place pretty hard.","Generic ant","Suzko inurriek inguru hau guztiz suntsitu dute."
"Luckily this drawbridge kept them out of the living quarters.","Generic ant","Zorionez, zubi altxagarri honi esker ezin izan dira bizitegira iritsi."
"But they damaged the control mechanism, and now I'm stuck on the wrong side.","Generic ant","Baina kontrol-mekanismoa hondatu dute, eta orain okerreko aldean harrapaturik nago."
"Could you help me repair it?","Generic ant","Konpontzen lagunduko didazu?"
"Could you help me repair the drawbridge?","Generic ant","Zubi altxagarria konpontzen lagunduko didazu?"
"Outstanding work!","Generic ant","Lan paregabea!"
"Now that the rest of the colony can get through, we can start fixing this place up.","Generic ant","Orain, koloniako beste kideak hemendik igaro daitezkenez, leku hau konpontzen has gaitezke."
"G'day Comrade!","Generic ant","Egun on, burkide!"
"Everyone here is getting really thirsty from all the hard work they've been doing.","Generic ant","Mundu guztia egarriz dago, egindako lan gogorraren ondorioz."
"Do you think you could turn the water back on so we can have a drink?","Generic ant","Saia zaitezke ur-emaria berrezartzen, tragoxka bat hartu ahal dezagun?"
"Have you been down to the water pump yet?","Generic ant","Jaitsi zara ur-ponpara dagoeneko?"
"Many thanks Comrade! The ants around these chambers are now comfortably hydrated!","Generic ant","Milesker, burkide! Ganbera hauetako inurriak orain behar bezain hidrataturik daude!"
"Oh, um, hello Comrade...","Nurse ant","O, zera, kaixo burkide..."
"I'm sorry if I seem distracted, its just...","Nurse ant","Barkatu distraitua banago, baina..."
"It appears that a few larvae have gone missing in the chaos.","Nurse ant","Anabasa honetan larba gutxi batzuk galdu direla dirudi."
"The fire ants have spread us thin and we don't have the antpower to search for them.","Nurse ant","Suzko inurriek gure kolonia urritu dute, eta ez daukagu larben bila joateko nahikoa kide."
"Would you keep an eye out for any that might be hidden about the nest?","Nurse ant","Baduzu inguruan begiratzerik, ea habian zehar gordetakoak aurkitzen dituzun?"
"Return the ant larvae to the nursury","Journal quest text","Bueltatu inurri-larbak kumetegira"
"Oh you found some already?","Nurse ant","O, dagoeneko aurkitu duzu larbarik?"
"That's excellent!","Nurse ant","Bikain!"
"Hello again Comrade.","Nurse ant","Kaixo berriro, burkide."
"Have you found any of the missing larvae?","Nurse ant","Aurkitu duzu galdutako larbarik?"
"Oh... well...","Nurse ant","O... beno..."
"Oh thank you, Comrade!","Nurse ant","O, milesker, burkide!"
"Unfortunately, there are still more out there.","Nurse ant","Zoritxarrez larba gehiago daude galduta."
"Please keep looking. They could be anywhere.","Nurse ant","Mesedez, jarraitu bila. Edonon egon litezke."
"Those fire ants are pretty sneaky with their hidden chambers.","Nurse ant","Suzko inurri horiek ezkutuko ganberatan zehar ibiltzen dira."
"Thats... That's all the larvae!","Nurse ant","Hau... hau da azken larba!"
"Spectacular!","Nurse ant","Sinestezina!"
"We are so greatful for your help!","Nurse ant","Biziki eskertzen dizugu emandako laguntza!"
"These larvae will grow safely in the nest, despite the best attempts of the fire ants.","Nurse ant","Larba hauek habiaren babespean haziko dira, suzko inurrien asmo txarretatik salbu."
"These larvae will soon grow into big, strong ants!","Nurse ant","Larba hauek laster hazi eta inurri handi eta indartsu bihurtuko dira!"
"The colony owes you a great debt.","Nurse ant","Kolonia zorretan dago zurekin."
"Greetings Comrade! Did Comrade Mark recruit you from the surface?","Carl the ant","Kaixo, burkide! Mark burkideak errekrutatu zaitu lurrazalean?"
"Fantastic!","Carl the ant","Bikain!"
"No? Well, it's good to have you anyway!","Carl the ant","Ez? Berdin dio, ongi etorria zara!"
"There's tonnes of work to do to finish the Mech-Ant!","Carl the ant","Sekulako lan eskerga dago egiteko Inurri Mekanikoa bukatzeko!"
"Let's see...","Carl the ant","Ikus dezagun..."
"The mandibles need a final heat treatment up in the forge room...","Carl the ant","Barailek azken tratamendu bat behar dute forja-gelan..."
"Attach mandibles to Mech-Ant","Journal quest text","Erantsi barailak Inurri Mekanikoari"
"Put the mandibles through the forge","Journal quest text","Pasa barailak forjatik"
"But to turn that back on we need to patch up the pipeworks.","Carl the ant","Baina berriro martxan jartzeko, aurrena hoditeria konpondu behar dugu."
"Reconnect the propellant pipes","Journal quest text","Birkonektatu propultsatzaile hodiak"
"We'll need that to supply the Mech-Ant too...","Carl the ant","Hori ere beharko dugu Inurri Mekanikoa hornitzeko..."
"Reconnect the water pipes","Journal quest text","Birkonektatu ur hodiak"
"Oh, and it still needs 3 more legs to be attached!","Carl the ant","O, eta beste 3 hankak lotu beharko zaizkio!"
"I think we're waiting on deliveries for 2 of them from engineering.","Carl the ant","Uste dut ingeniaritzakoek 2 hanka ekarri zain gaudela."
"Connect Mech-Ant legs","Journal quest text","Erantsi hankak Inurri Mekanikoari"
"Well what are you waiting for, Comrade?","Carl the ant","Beno, zeren zain zaude, burkide?"
"Get to it!","Carl the ant","Ekin lanari!"
"I've given you a whole list of tasks already!","Carl the ant","Dagoeneko egitekoen zerrenda potolo bat eman dizut!"
"What are you standing around for?","Carl the ant","Zer zabiltza hemen oraindik?"
"HEY!","Carl the ant","EI!"
"Looking good, Comrade!","Carl the ant","Itxura ona dauka, burkide!"
"Get over here and let's have a talk!","Carl the ant","Zatoz hona, hitz egin dezagun!"
"Hold up a second, Comrade.","Carl the ant","Itxaron una batez, burkide."
"The platoon is moving out!","Carl the ant","Pelotoia kanporantz doa!"
"Wow! What a beautiful display!","Carl the ant","Uou! Erakustaldi ederra!"
"Comrade spider, we're making you an honorary member of the engineering corps for your service today!","Carl the ant","Armiarma burkidea, gaurko laguntza eskertzeko ingeniaritza gorputzeko ohorezko kide izendatuko zaitugu!"
"And I've sent a workforce ahead to help out with your mission on the surface.","Carl the ant","Eta lantalde bat eratu dut lurrazaleko zure egitekoan lagun zaitzaten."
"They'll have that balloon up and flying before you know it!","Carl the ant","Konturatu orduko globo hori airean hegan jarriko dute!"
"Dismissed!","Carl the ant","Joan zaitezke!"
"Our workers are waiting for you at Moth's tree.","Carl the ant","Gure langileak Sitsaren zuhaitzean dituzu zain."
"Oi! Watch where you're moving that!","Generic ant","Txo! Kontuz hori nora daramazun!"
"That's still way too hot for me to deliver.","Generic ant","Hori oraindik beroegi dago nik entregatzeko."
"Go quench it in the vat over there.","Generic ant","Sar ezazu horko andel horretan itzal dadin."
"You'll have to go reconnect the water supply so we can get a good quench in here.","Generic ant","Ur-emaria birkonektatu beharko duzu forjatutako piezak itzali ahal izateko."
"G'day, Comrade!","Generic ant","Egun on, burkide!"
"The fuel lines are running dry right now.","Generic ant","Ez dator erregai tantarik hodietatik une honetan."
"You'll have to get the pumps reconnected before we can do any heat treatment.","Generic ant","Ponpak birkonektatu beharko dituzu bero-tratamenduren bat egin aurretik."
"Head over to the pipeworks.","Generic ant","Zoaz hoditeriaren gelara."
"The oven's all heated up for us.","Generic ant","Labea gori-gori dago guretzako prest."
"Can you lend us a web to send these mandibles through the forge?","Generic ant","Utziko diguzu amaraun pixka bat barailak forjatik igarotzeko?"
"Oh, sorry!","Generic ant","O, barkatu!"
"That leg isn't complete yet.","Generic ant","Hanka hori oraindik bukatu gabe dago."
"You'll have to attach the thigh to the shin up there before I can deliver it.","Generic ant","Izterra han goiko bernazakiarekin lotu beharko duzu entregatu ahal izateko."
"Hey fellow engineer!","Vlad the ant","Ei, lagun ingeniaria!"
"I'm Vlad, your airship mechanic!","Vlad the ant","Vlad naiz, zure aireontziko mekanikaria!"
"We're almost ready for the trip of a lifetime!","Vlad the ant","Ia prest gaude gure biziko bidaiari ekiteko!"
"Here, take these blueprints. We've got lots to do!","Vlad the ant","Tori, hartu plano hauek. Asko dago egiteko!"
"Here's the rest of our preflight checklist:","Vlad the ant","Hau da hegaldia baino lehen egin beharrekoen zerrenda:"
" - Find a way to patch up the balloon.","Vlad the ant"," - Bilatu globoko zuloak konpontzeko eraren bat."
"I heard the bees to the East might be able to help with that.","Vlad the ant","Entzun dut Ekialdeko erleak lagungarri izan daitezkeela horretan."
" - Talk to the princess about sealing up the balloon.","Vlad the ant"," - Hitz egin printzesarekin, globo konpontzeko."
" - Find a fuel source. Some good, concentrated dung would work.","Vlad the ant"," - Bilatu erregai-iturri bat. Kalitatezko gorotz kontzentratuak balio beharko luke."
"See if you can find some to the West.","Vlad the ant","Begiratu ea Mendebaldean ezer aurkitzen duzun."
" - Attach engine immediately below the mouth of the balloon.","Vlad the ant"," - Erantsi motorra globoaren azpialdeko ahora."
" - Load a ball of dung into the engine.","Vlad the ant"," - Kargatu gorotz-bola bat motorrera."
" - Firmly secure pilot platform to balloon.","Vlad the ant"," - Lotu pilotatzeko plataforma gogorki globora."
"Just follow the blueprints, and come see me when it's all together.","Vlad the ant","Jarraitu planoetako argibideak, eta jakinaraz nazazu guztia lotuta egotean."
"Oh, and if you run into any trouble, just shoot the work bell and we'll reset everything for you!","Vlad the ant","O, eta arazorik baduzu, jo laneko kanpaia eta guztia lehengo egoerara bueltatuko dugu!"
"Looks like the airship is ready to launch!","Vlad the ant","Badirudi aireontzia aireratzeko prest dagoela!"
"Are you ready to head out? It might be a while before we can return.","Vlad the ant","Abiatzeko prest zaude? Denboraldi bat emango dugu kanpoan."
"No worries. Come see me again when you're ready.","Vlad the ant","Lasai. Zatoz nigana abiatzeko prest egotean."
"Alright Comrade.","Vlad the ant","Ados, burkide."
"Engine ignition in Three...","Vlad the ant","Aireratzeko Hiru..."
"Two...","Vlad the ant","Bi..."
"One!","Vlad the ant","Bat!"
"Huh... that launch didn't quite work as expected...","Vlad the ant","Hara... aireratze hau ez da espero bezala joan..."
"Maybe something wasn't tied up quite right?","Vlad the ant","Agian zerbait ez zegoen oso ondo lotua..."
"Don't worry! We can try again!","Vlad the ant","Ez arduratu! Berriro saia gaitezke!"
"Engine nominal, airspeed increasing!","Vlad the ant","Motorraren egoera: egokia, abiadura gehitzen!"
"This is it! We're flying!","Vlad the ant","Orain bai! Hegan gabiltza!"
"Woah! This storm was NOT on our forecast!","Vlad the ant","Uooa! Ekaitz hau EZ zegoen iragarria!"
"But the ship is still holding... barely...","Vlad the ant","Baina ontziak oraindik osorik dirau... kostata..."
"You stay safe, Comrade.","Vlad the ant","Zaindu, burkide."
"We'll keep the engine running for you.","Vlad the ant","Motorra martxan mantenduko dugu zuretzako."
"Sorry we're late, Comrade!","Vlad the ant","Barkatu, berandu gatoz, burkide!"
"Just picked up a little help on the way!","Vlad the ant","Bidean laguntza pixkat bildu dugu!"
"Hey neighbour!","Teen beetle","Ei, auzokide!"
"Mech-Ant 1 reporting for duty!","Generic soldier ant","01 Inurri Mekanikoa ekiteko prest!"
"This beast doesn't stand a chance!","Generic soldier ant","Piztia horrek ez du irabaziko!"
"We're coming in close now!","Vlad the ant","Gerturatzen ari gara!"
"You'll have to pull the Mech-Ant onto the bird's back with your webs!","Vlad the ant","Inurri Mekanikoa amaraunarekin txoriaren bizkarrera lotu beharko duzu!"
"Let's do this!","Vlad the ant","Ekin!"
"I'm in position, get clear!","Generic soldier ant","Posizioan nago, kendu paretik!"
"Detaching Mech-Ant...","Generic soldier ant","Inurri Mekanikoa desmuntatzen..."
"Now!","Generic soldier ant","Orain!"
"We did it! The beast is grounded!","Generic soldier ant","Lortu dugu! Piztia eraitsi dugu!"
"What should we do with him now, Comrade?","Generic soldier ant","Zer egingo dugu orain berekin, burkide?"
"We send him away!","Moth","Urrutira bidaliko dugu!"
"You hear me, bird?","Moth","Entzun, txoria?"
"You've burnt all your bridges here.","Moth","Amaitu da hemengo zure egonaldia."
"The bugs of this bush will not put up with you eating and kidnapping their friends!","Moth","Baso honetako zomorroek ez dute onartuko zuk beste inor jan edo bahitzerik!"
"And now we have the means to defend ourselves.","Moth","Eta orain badugu nola defendatu."
"You need to find a new land to call home.","Moth","Etxetzat hartzeko lur berri bat aurkitu beharko duzu."
"Maybe somewhere far away from here with more birds like you.","Moth","Agian hemendik urruti dagoen lurren bat, zu moduko txori gehiago daudena."
"Maybe somewhere you can finally find a friend...","Moth","Agian, azkenean, zuretzako lagun bat aurkitzeko moduko lekuren bat..."
"But you leave now!","Moth","Baina orain, ospa!"
"Before I change my mind...","Moth","Zoaz nik iritziz aldatu baino lehen..."
"Oh my... that was scary!","Moth","Ene... ikaragarria izan da!"
"I wasn't sure I'd be able to talk to him, but I did it!","Moth","Ez nuen uste berari hala hitz egiteko gai izango nintzenik, baina egin dut!"
"Thank you, buddy.","Moth","Milesker, laguntxo."
"And thank you too, buddy's boyfriend!","Moth","Eta milesker zuri ere, laguntxoaren mutil-lagun!"
"Your brave actions gave me the courage to finally stand up to that menace!","Moth","Zuen ekintza ausartek mehatxu horri aurre egiteko adorea eman didate!"
"Our home is a little bit safer today, thanks to you.","Moth","Gure etxea orain pixkat seguruagoa da, zuei esker."
"Work has been tough since the fire ants raided.","Generic ant","Gogor lan egin behar izan dugu suzko inurrien oldarralditik hona."
"Comrade Freddy is the oldest ant in the nest!","Generic ant","Freddy burkidea habiako inurririk zaharrena da!"
"She's an ANTique!","Generic ant","ANTZINurria da!"
"Gotta keep moving!","Generic ant","Ezin gelditu!"
"Have you seen the Mech-Ant?","Generic ant","Ikusi duzu Inurri Mekanikoa?"
"It's quite a marvel!","Generic ant","Zoragarria da!"
"G'day!","Generic ant","Iep!"
"Can't talk right now, sorry!","Generic ant","Orain ezin dut hitz egin, barkatu!"
"I don't like leaving the nest.","Generic ant","Ez zait gustatzen habiatik ateratzea."
"I'm not very independANT","Generic ant","HABIAzuloa naiz"
"Reporting for duty!","Generic soldier ant","Hemen nator, lanerako prest!"
"We're going to show those fire ants!","Generic soldier ant","Suzko inurri horiei eskarmentua emango diegu!"
"Ready to serve!","Generic soldier ant","Zure zerbitzura!"
"Thanks for helping with the assembly.","Generic soldier ant","Eskerrik asko muntaketan laguntzeagatik,"
"I'm still going through the checklist in here!","Generic soldier ant","oraindik egitekoen zerrenda osatzen nabil!"
"Hey buddy...","Moth","Epa, laguna..."
"I'm so sorry. I saw what happened to your boyfriend.","Moth","Sentitzen dut. Ikusi dut zer gertatu zaion zure mutil-lagunari."
"That big mean bird has been menacing the land below its Sky Bower for years.","Moth","Txoritzar zital hori bere Zeruko Pergolaren azpiko lurra mehatxatzen aritu da urte luzez."
"It devoured many of my siblings... but I think it has something else in mind for your beau.","Moth","Senide asko irentsi dizkit... baina uste dut bestelako asmoak dituela zure maitearentzat."
"The bird loves to collect blue gems, you see.","Moth","Txori horrek gogoko du harribitxi urdinak biltzea, izan ere."
"And that love of yours is the shiniest blue I've ever seen!","Moth","Eta zure bikotearen urdina bezain distiratsurik ez dut aspaldian ikusi!"
"Hmm... Come by my old nest, little buddy. I may have an idea!","Moth","Hmm... Zatoz nire habia zaharrera, lagun txikia. Uste dut ideia bat daukadala!"
"Okay, so this big ball of silk may not look like much, but it was my home for a time.","Moth","Begira, zetazko bola erraldoi honek ez du beste munduko itxurarik, baina aldi baterako nire etxea izan zen."
"The ants below have approached me with reckless plans to turn it into a ""heated air ship"" as part of their defence effort.","Moth","Behean bizi diren inurriek ez naute bakean uzten, etengabe aurkezten dizkidate zetazko bola ""beroarekin mugituko den aireontzi"" bihurtzeko plan zoroak, haien babes-sistema gisa."
"I've not let them try it so far, but perhaps a little recklessness is what we need right now.","Moth","Orain arte ez diet halakorik egiteko baimenik eman, baina baliteke zorakeria pittin bat izatea une honetan behar duguna."
"If you helped them build this ship, it could take you to the Sky Bower above to rescue your boyfriend!","Moth","Ontzi hori eraikitzen laguntzen badiezu, goi hartan dagoen Zeruko Pergolaraino gidatuko zaitut, zure mutil-laguna erreskata dezazun."
"Get help from the ants","Journal quest text","Lortu inurrien laguntza"
"You'll need some fuel too of course. I'd look to the dung beetles on the hill for that.","Moth","Erregairen bat ere beharko duzu, noski. Esango nuke inguru honetako erregairik onena muinoko kakalardoek biltzen duten gorotza dela."
"Find some fuel","Journal quest text","Bilatu erregaia"
"And naturally a guide is important for any adventure! Perhaps a bee? Nobody knows these skies better than them!","Moth","Eta jakina, edozein abenturak gida on bat eskatzen du! Erle bat, akaso? Inork ez ditu zeru-inguru hauek haiek baino hobeto ezagutzen!"
"Befriend a guide","Journal quest text","Egin gida baten lagun"
"Yes!","Moth","Bai!"
"This is a good plan!!","Moth","Plan ona da hau!!"
"Go on, little buddy, there's no time to waste!","Moth","Ekiozu, laguntxo, ez dugu galtzeko astirik!"
"Get out there! Make some friends, and save your love!","Moth","Arakatu inguruak! Egin lagunak, eta salbatu zure maitea!"
"I see you've befriended a royal from Canopy's Peak!","Moth","Ikusten dut Zuhaitzetako Gaineko erregetzaren lagun egin zarela!"
"I expected the bees would be interested in your rescue effort.","Moth","Pentsatzen nuen bai erleei zure erreskate-ahaleginak interesatuko zitzaizkiela."
"They've always fancied adventures through the sky.","Moth","Maite dituzte zeruan zeharko abenturak."
"Maybe this new princess will drive out the bird and build her hive over that horrible Sky Bower!","Moth","Agian printzesa berriak txoritzarra kanporatuko du, eta erlauntza berria eraikiko Zeruko Pergola zantar horren gainean!"
"That would be a happy day indeed!","Moth","Ospatzeko moduko eguna izango da hori!"
"Hi Buddy! These ants showed up just ahead of you.","Moth","Aupa laguntxo! Inurri hauek zu iritsi baino une bat lehenago azaldu dira."
"Made quick work of the tree!","Moth","Bizkor amaitu dituzte zuhaitzeko lanak!"
"They've been badgering me with these designs for ages, but I've not had the courage to let them try it.","Moth","Aspaldian dabiltza diseinu horrekin bueltaka ni gogaitzen, baina gaur arte ez naiz inoiz ausartu baimena ematera."
"I'm glad you're helping each other though. Their plans seem solid... even if they're too bold for me!","Moth","Pozten nau elkar laguntzen ari zaretela ikusteak. Haien planak itxura ona dauka... nire gusturako setatsuegiak diren arren!"
"Wow! What a dramatic entrance!","Moth","Hara! Hori bai sarrera dramatikoa!"
"Looks like I have another new friend to share this tree with.","Moth","Badirudi zuhaitz hau partekatzeko adiskide berri bat aurkitu dudala."
"He doesn't seem to be leaving anytime soon.","Moth","Ez dirudi laster alde egiteko asmoa duenik."
"And you have all the fuel you'd ever need to go save your boyfriend!","Moth","Eta zuk mutil-laguna salbatzera joateko behar zenuen erregai guztia lortu duzu!"
"This day is looking up for us, hey buddy?","Moth","Gaurko eguna gure alde dugu, ezta, laguntxo?"
"Well buddy, it looks like you've got all you need to head out now.","Moth","Tira, laguntxo, dirudienez behar duzun guztia daukazu erreskatera abiatzeko."
"I wish you and your boyfriend a swift reunion!","Moth","Mutil-lagunarekin elkartze atsegina opa dizut!"
"Good luck!","Moth","Zorte on!"
"Good luck on your journey!","Moth","Zorte on zure egitekoarekin!"
"!!!","Golden orb weaver spider","!!!"
"You found one of my webs!","Golden orb weaver spider","Nire amaraunetako bat aurkitu duzu!"
"Bet you can't find my next one!","Golden orb weaver spider","Baina ezetz hurrengorik aurkitu!"
"Later!","Golden orb weaver spider","Gero arte!"
"Find all the golden webs","Golden orb weaver spider","Bilatu urrezko amaraun guztiak"
"You again?","Golden orb weaver spider","Zu berriro?"
"I better get better at hiding these!","Golden orb weaver spider","Hauek hobeto ezkutatzen hasi beharko naiz!"
"No way you'll find my next one!","Golden orb weaver spider","Ez duzu hurrengorik aurkituko, ez!"
"No way!","Golden orb weaver spider","Ez horixe!"
"You found me again!","Golden orb weaver spider","Berriro aurkitu nauzu!"
"You must have great eyesight!","Golden orb weaver spider","Belatzaren ikusmena daukazu!"
"I'll have to put my all into the next spot.","Golden orb weaver spider","Hurrengo gordelekua ondo bilatu beharko dut."
"Wow, okay, I give up!","Golden orb weaver spider","Zer? Aski da, amore ematen dut!"
"You're obviously going to find me wherever I hide!","Golden orb weaver spider","Argi dago edonon ezkutatzen naizela ere, aurkituko nauzula!"
"Here, take your prize.","Golden orb weaver spider","Tori, sari bat merezi duzu."
"Congratulations, hide and seek champion!","Golden orb weaver spider","Bejondeizula, bilaketan txapelduna zara!"
"Oh gosh! Have you seen any little spiders around here?","Wolf spider","Oi, ez! Ikusi duzu armiarma-kumerik inguruan?"
"My babies got startled when that big bird flew by and they've scattered all over the bush!","Wolf spider","Ene kumeak ikaratu egin dira txoritzar hori hegan azaldu denean, eta basoan zehar barreiatu dira!"
"Please, if you find any, bring them back to me!","Wolf spider","Arren, ikusten badituzu, ekar itzazu nigana!"
"They're too young to be off on their own.","Wolf spider","Gazteegiak dira euren kabuz ibiltzeko."
"Return the wolf spider's babies","Journal quest text","Bueltatu otso-armiarmari bere kume guztiak"
"My babies!","Wolf spider","Ene kumeak!"
"Oh thank you so much!","Wolf spider","Oi, milesker anitz!"
"These little ones ballooned off when that big bird flew by.","Wolf spider","Ene txikitxoek ihes egin dute txoritzar hori hegan azaldu denean."
"But they're far too young to be off on their own.","Wolf spider","Baina gazteegiak dira euren kabuz ibiltzeko."
"If you find the others, please bring them back to me!","Wolf spider","Gainontzekoak aurkitzen badituzu, ekarri nigana!"
"My babies are out there!","Wolf spider","Ene kumeak hor zehar daude, bakar-bakarrik!"
"Please help me find them.","Wolf spider","Arren, lagundu haiek bilatzen."
"Thanks for getting these little ones back to me!","Wolf spider","Milesker txikitxo hauek nigana ekartzeagatik!"
"I'm still looking for the rest of them.","Wolf spider","Oraindik gainontzekoen bila nabil."
"But together we'll surely bring them all home safely!","Wolf spider","Ziur bion artean denak sano eta salbu etxeratuko ditugula!"
"38, 39...","Wolf spider","38, 39..."
"40! That's all of them!","Wolf spider","40! Hau zen azkena!"
"If I never see another bird, it'll be too soon!","Wolf spider","Inoiz gehiago txoririk ez ikustea espero dut!"
"Thank you so much for helping me find these little rascals.","Wolf spider","Milesker bihurri hauek bilatzen laguntzeagatik."
"If you ever need help, you just call, okay?","Wolf spider","Inoiz laguntza behar baduzu, deitu besterik ez duzu, ados?"
"Thanks again for helping me find these little rascals.","Wolf spider","Milesker berriro bihurri hauek bilatzen laguntzeagatik."
"Hey there little spider!","Michael the beetle","Iepa, armiarmatxo!"
"You heard about dung?","Michael the beetle","Dastatu duzu inoiz gorotzik?"
"Tasty, nutritious, and burns extra hot!","Michael the beetle","Zaporetsua da, nutritiboa, eta berebiziko indarra ematen dizu!"
"You want some?","Michael the beetle","Pixka bat nahi?"
"Well you're in luck! We've got some friends with loads of dung to share!","Michael the beetle","Tira, zorteko zaude! Zurekin partekatzeko gorotz mordoa duten lagun batzuk ezagutzen ditut!"
"Just... uhh... not here...","Michael the beetle","Baina... eee... ez dira hemen bizi..."
"Its up the hill a fair way.","Michael the beetle","Maldan gora dexente igota bizi dira."
"And, well, there's one small problem with getting up there...","Michael the beetle","Eta, tira, arazotxo bat dago hara igotzea eragozten duena..."
"Oh get to the point, Michael!","Wendy the beetle","Oi, harira, Michael!"
"Look, we need to get across these puddles, and I broke my wing a while back.","Wendy the beetle","Hara, putzu hauek zeharkatu behar ditugu nahitaez, baina hegala hautsia daukat."
"No flying means we're in need of a walking based solution.","Wendy the beetle","Hegan egin ezin dudanez, oinezko bide bat bilatu beharko dugu."
"Think you could use your fancy web skills to string us a bridge outa them sticks?","Wendy the beetle","Zer diozu, zure ehule gaitasunekin eta makila horiekin zubi bat eraiki dezakezu?"
"Help the beetles cross the puddles","Journal quest text","Lagundu kakalardoei putzuak zeharkatzen"
"Have you fixed up a bridge for us?","Wendy the beetle","Guretzako zubia eraiki duzu?"
"Oh well, you take your time.","Wendy the beetle","Oh, ongi da, hartu behar duzun astia."
"We ain't in any rush.","Wendy the beetle","Ez daukagu batere presarik."
"Let's give this a go then!","Wendy the beetle","Proba dezagun, bada!"
"Well, that was a bit rocky for my tastes.","Wendy the beetle","Oi ez, bide hori malkartsuegia da niretzako."
"Cheers for trying though!","Wendy the beetle","Baina eskerrik asko saiatzeagatik!"
"Let us know if you wanna give it another try.","Wendy the beetle","Esaguzu beste saiakerarik egiten baduzu."
"Well thank you so much little spider!","Wendy the beetle","Eskerrik asko, armiarmatxo!"
"We can head on up now... after a little rest.","Wendy the beetle","Orain gorantz abia gaitezke... atsedenalditxo baten ostean."
"We won't beat you to the top, but you'll see our friends!","Wendy the beetle","Ez gara zurekin igoko goraino, baina bertan aurkituko dituzu gure lagunak!"
"You tell em Wendy and Michael sent you.","Wendy the beetle","Esaiezu Wendy eta Michaelen partez zoazela."
"They'll be able to get you all the dung you need!","Wendy the beetle","Behar duzun beste gorotz eman ahalko dizute!"
"Thank you friend!","Michael the beetle","Milesker, lagun!"
"You should head up to the top of the hill n' get yourself some dung!","Michael the beetle","Infernuko maldaren gaineraino abiatu beharko zenuke, eta zuretzako gorotz apur bat eskuratu!"
"Can't go wrong with dung!","Michael the beetle","Gorotza lortuz gero, ez duzu hutsik egingo!"
"Howdy, spider!","Beetle mother","Zer moduz, armiarmatxo!"
"Wendy and Mike sent you did they?","Beetle mother","Wendy eta Mikeren partez zatoz, ezta?"
"You must be here for the bounty of dung!","Beetle mother","Gorotz bila zatoz zu ere?"
"We got some for ya right on over here.","Beetle father","Zuretzako pilotxo bat daukagu hemen gordeta."
"Only problem is this dung is a little TOO comforting.","Beetle mother","Arazo bakarra da gorotza HAIN dela erosoa..."
"Our lazy son is simply refusing to leave the ball!","Beetle mother","Gure seme nagiak uko egiten dio bola askatzeari!"
"It's so hot out there! Why would I want to leave?","Teen beetle","Kanpoan egiten duen bero sargoriarekin... zergatik utzi beharko nuke bola?"
"Little spider, It's all yours if you can convince him to get out and see a bit of the world.","Beetle mother","Armiarmatxo, hortik atera eta mundua ezagutzeko konbentzitzen baduzu, bola zurea da."
"Go on... give it a little push!","Beetle father","Aurrera... eman bultzadatxo bat!"
"Little spider, you're back!","Beetle mother","Armiarmatxo, itzuli zara!"
"We can't thank you enough for helping our son find his feet.","Beetle mother","Bihotzez eskertzen dizugu semea zentzatzen laguntzeagatik."
"We miss him of course, but we're so glad he has good friends like you.","Beetle mother","Bere falta sumatzen dugu, noski, baina pozgarria da zu moduko lagun onak dituela jakitea."
"Tell him to come visit when he has time, Okay?","Beetle father","Esaiozu astia duenean bisitan etortzeko, ados?"
"...","Teen beetle","..."
"???","Teen beetle","???"
"Did I seriously just get kicked out of home???","Teen beetle","Zer?? Benetan etxetik ostikoz atera nautela???"
"I'll just have to live here now I guess??","Teen beetle","Beraz, hemen bizi beharko naiz orain??"
"Help yourself to some dung. It's my favourite!","Teen beetle","Hartu gorotz pixkat zuretzat. Nire gogokoena da!"
"Very energy dense!","Teen beetle","Energiaz topera dago!"
"Help yourself to some dung, neighbour!","Teen beetle","Hartu gorotz pixkat zuretzat, auzoa!"
"Fresh dung is the best dung!","Teen beetle","Gorotz freskoa da gorotzik gozoena!"
"Pushing a great big ball of dung is one of the best workouts!","Generic beetle","Ez dago gorotz bola handi bat bultzatzea baino ariketa hoberik!"
"Hey there friend!","Generic beetle","Iepa lagun!"
"Welcome to Dungtown!","Generic beetle","Ongi etorri Gorotzerrira!"
"Heeeyyy! Wassup my dude?","Redback spider","Ieeeeeeep! Zeeeer beeerri, txoooo?"
"You like my super secret chill-out zone?","Redback spider","Gustatzen zaizu erlaxatzeko prestatu dudan leku super sekretu hau?"
"That's awesome, dude.","Redback spider","Demasa, txo."
"You can hang here like all day if you want!","Redback spider","Nahi baduzu egun osoa pasa dezakezu hemen!"
"Keep it chill my dude!","Redback spider","Erlaxatu, txo!"
"Heya skater girl!","Skate Bird","Ei, skate-neska!"
"It me, skatebirb!","Skate Bird","Skatebirb hemen!"
"I been tryin teach all dem ants to skate.","Skate Bird","Iñurri guzti hoiei skatean ibiltzen erakusten ai naun."
"Dey got de right attitude, but... still working on technique.","Skate Bird","Yarrera egokia diten, bañaa... teknika exkaxaaa."
"U wanna show dem how it's done??","Skate Bird","Haiei nooola ittean erakutsi nahi?"
"Heck yes!","Skate Bird","Itzel!"
"Clear de park, ants! We about to see some sick moves!","Skate Bird","Hustu pista, iñurriak! Oain mugimendu zoroooak ikusiko ttuzue!"
"U ready to skate??","Skate Bird","Irrixtatzeko prest??"
"Sick! Let's get u ur board!","Skate Bird","Hoi den-eta! Eeemaiozue taula bat!"
"Okies, u come back whenever u feel like skating!","Skate Bird","Itzel, buelta hadi irrixtatzeko prest hagoanean!"
"Gnarly Mate!","Skater ant","Bikain, txo!"
"That bird is a ripper skater!","Skater ant","Txori hori irristatzeko jaio zen!"
"I'm always doing a boneless!","Skater ant","Bizkarrezurra gelatinazkoa dauka!"
"Get it... ?","Skater ant","Ulertzen... ?"
"This park is so rad!","Skater ant","Parke hau izugarria da!"
"This park is so secret!","Skater ant","Parke hau sekretua da!"
"No posers ever find it!","Skater ant","Itxurati harroputzek ez dute inoiz aurkituko!"
"Hey pal!","Generic engineering ant","Ei, adiskide!"
"You got a minute?","Generic engineering ant","Baduzu unetxo bat?"
"We were working on a new tunnel here when the roof caved in.","Generic engineering ant","Tunel batean lanean ari ginen, eta lurjausi bat egon da."
"My Comrades are heading back to get more supplies now,","Generic engineering ant","Burkideak hornigai bila joan dira bueltan,"
"but our spider-bot is still stuck under the rubble!","Generic engineering ant","baina gure armiarmabot-a hondakinen pean harrapatua dago!"
"Think you could help me hoist him out of there?","Generic engineering ant","Lurpetik ateratzen laguntzerik bai?"
"Recover the spider-bot","Journal quest text","Berreskuratu armiarmabot-a"
"Can you help me hoist the bot out of this rubble?","Generic engineering ant","Lagun nazakezu hondakinetatik robota berreskuratzen?"
"Thanks bud.","Generic engineering ant","Milesker, lagun."
"Those old bots are real hard to replace.","Generic engineering ant","Robot zahar hauek ordezkatzea oso zaila izaten da."
"You're a lifesaver!","Generic engineering ant","Gure salbatzailea zara!"
"I'm just keeping watch of the worksite while I wait for more supplies.","Generic engineering ant","Lan-eremua zaintzen ari naiz, hornigaiak iritsi bitartean."
"zhoooOOOOM!","Spider-bot","zhoooOOOOM!"
"[GREETINGS STRANGER]","Spider-bot","[KAIXO, EZEZAGUNA]"
"[GREETINGS ENGINEER]","Spider-bot","[KAIXO, INGENIARIA]"
"[YOUR RESCUE IS APPRECIATED]","Spider-bot","[ESKERTZEN DA ERRESKATEA]"
"[THIS SPIDERBOT HAS BEEN DAMAGED]","Spider-bot","[ARMIARMABOT HAU KALTETUA DAGO]"
"[PLEASE RETURN TO BASE FOR REPAIRS]","Spider-bot","[ITZULI BASERA KONPONKETARAKO]"
"Little spider!","PRINCESS Bee","Armiarmatxo!"
"How's your boyfriend going?","PRINCESS Bee","Zer moduz dago zure mutil-laguna?"
"A prime opportunity just opened up since we sent that nasty bird away.","PRINCESS Bee","Aukera interesgarri bat sortu zaigu txoritzar gorrotagarri hura uxatu dugunetik."
"I'm going to build my new hive on the magic island!","PRINCESS Bee","Nire erlauntza berria uharte magikoan eraikiko dut!"
"Isn't that exciting??","PRINCESS Bee","Zoragarria, ezta??"
"Anyway, I'm glad I caught you here. I was just about to head out!","PRINCESS Bee","Edonola ere, pozten nau zu hemen aurkitu izanak. Harantz abiatzear nago!"
"I'll see you around, buddy.","PRINCESS Bee","Berriro ikusi arte, laguna."
"I'll see you around,  princess spider.","PRINCESS Bee","Berriro ikusi arte, armiarma printzesa."
"Don't go on any big adventures without me!","PRINCESS Bee","Ez zaitez abentura handietara abiatu ni gabe!"
"Hi buddy! It's so good to see you.","Moth","Kaixo, adiskide! Pozgarria da zu ikustea."
"I hope the two of you are settling back in okay.","Moth","Espero dut zuok biok lasaitasunera bueltatuko zinetela."
"Lovely to have a bit of peace at the old tree again.","Moth","Ederra da zuhaitz zaharra berriro bakean ikustea."
"That was more than enough adventure for my lifetime!","Moth","Nik behintzat nahikoa abentura izan dut bizi osorako!"
"Wasn't that a cool mission?","Teen beetle","Misio txundigarria izan da hau, ezta?"
"Did you see me pulling the balloon?","Teen beetle","Ikusi nauzu, globotik tiraka?"
"I was all BZZZZZ, and you were all ZOOOOM, ZAP!","Teen beetle","Hor nenbilen ni, BZZZZZ, eta gero zuk ZOOOOM, ZAP!"
"It was awesome!","Teen beetle","Kristona izan da!"
"Thanks for helping me leave the old dung ball.","Teen beetle","Milesker gorotz bola zaharra uzten laguntzeagatik."
"This whole outside world thing is so much more fun than I thought!","Teen beetle","Kanpoko mundu hau uste baino dibertigarriagoa da!"
"Let me know when the next mission is gonna be.","Teen beetle","Abisatu beste misio bat daukazunean."
"I'm gonna be the muscle!","Teen beetle","Ni izango naiz misioko muskulua!"
"Oh hey there!","Vlad the ant","Oh, kaixo!"
"I was just debriefing Carl here about our airship trip!","Vlad the ant","Carli aireontziko txangoaren berri ematen nenbilen!"
"She's got some new plans brewing!","Vlad the ant","Plan berriak darabilzki buruan!"
"Comrade Vlad has collected a lot of useful data for us.","Carl the ant","Vlad burkideak informazio erabilgarri mordoa bildu du guretzako."
"If we can better integrate the heated airship technology into the Mech-Ant,","Carl the ant","Aire bero bidezko aireontziaren teknologia Inurri Mekanikoarekin integratuz..."
"we'll be able to deploy ground defenses against the fire ants at a moment's notice!","Carl the ant","... suzko inurrien aurkako lurreko defentsak aktibatu ahalko ditugu istantean."
"There's still some details to work out. But I think she's onto something with this.","Vlad the ant","Jorratu beharreko xehetasunak daude oraindik. Baina uste dut bide onetik goazela."
"We couldn't have done it without you, Comrade!","Vlad the ant","Ez genuke zu gabe halakorik lortuko, burkide!"
"Mhhmm, you've been very helpful, Engineer.","Carl the ant","Mhhmm, oso lagungarria izan zara guretzat, ingeniaria."
"I made the right decision with you.","Carl the ant","Erabaki zuzena hartu nuen zu onartzean."
"Good work, Comrade.","Carl the ant","Lan ona egin duzu, burkide."
"Keep it up.","Carl the ant","Segi horrela."
"When we hit the skies again I hope I'll have you by my side!","Vlad the ant","Berriro aireratzen garenean nire alboan izango zaitudala espero dut!"
"Comrade Spider!","Mark the ant","Armiarma burkidea!"
"Guard duty's been awfully quiet now that we have a Mech-Ant out on patrol.","Mark the ant","Zaintza-lanak izugarri erraztu dira Inurri Mekanikoa patruilatzen dabilenetik."
"If you see any little fire ants around, you let me know!","Mark the ant","Inguruan suzko inurririk ikusten baduzu, jakinarazi!"
"Hellos there spider...","Netcasting spider","Kaaaissso armiarma..."
"Be veeery veeery quiets","Netcasting spider","Zzzaude geeeldi geeeldi"
"Don't scares the fffoods","Netcasting spider","Ezzz usssatu jjjatekoa"
"Noisssy...","Netcasting spider","Zzzaratatsssua..."
"If I gives you a sssticker...","Netcasting spider","Eranssskailu bbat ematen badizzzuut..."
"Will you be quiets then?","Netcasting spider","Issssilduko zzzara, berazz?"
"Noisssy spider...","Netcasting spider","Armiarma zzzaratatssua..."
"Go away...","Netcasting spider","Osssspaa..."
"Why do you insist on being annoyings?","Netcasting spider","Zzergatik zzzatoz ni eragozzzztera?"
"I's ignoring you...","Netcasting spider","Ezzz zara exissstitzen niretzzat..."
"Sssshhhhhh","Netcasting spider","Isssssssooo"
"I gaves you the sssticker...","Netcasting spider","Eranssskailua eman dizzzut..."
"You have to be quiets now...","Netcasting spider","Orain isssilduuu..."
"I's waiting for the foods...","Netcasting spider","Jjjatekoaren zzzain nago..."
"To walk into my little trap...","Netcasting spider","Nire amarrruan eror daitezzzen..."
"Continue","Menu","Jarraitu"
"Load Game","Menu","Kargatu partida"
"New Game","Menu","Partida berria"
"Settings","Menu","Ezarpenak"
"Quit","Menu","Irten"
"Language","Menu","Hizkuntza"
"Full Screen","Menu","Pantaila osoa"
"Screen Shake","Menu","Pantailako dardara"
"VSync","Menu","Sinkronizatze bertikala"
"Reset All Settings","Menu","Leheneratu ezarpenak"
"Back","Menu","Itzuli"
"Graphics","Menu","Grafikoak"
"Sound","Menu","Soinua"
"Gameplay","Menu","Jokoa"
"Accessibility","Menu","Erabilerraztasuna"
"Play Time:","Menu","Denbora:"
"Delete Save Data","Menu","Ezabatu gordetako partida"
"Cancel","Menu","Utzi"
"Okay","Menu","Ados"
"Are you sure you want to delete this save file? Your current progress will be lost.","Menu","Ziur gordetako partida hau ezabatu nahi duzula? Uneko aurrerapena galduko duzu."
"Are you sure you want to overwrite this save with a new game? Your current progress will be lost.","Menu","Ziur gordetako partida hau partida berri batekin gainidatzi nahi duzula? Uneko aurrerapena galduko duzu."
"None","Menu","Bat ere ez"
"Normal","Menu","Normal"
"Lots","Menu","Asko"
"Depth of Field","Menu","Sakontasuna"
"Off","Menu","Ez"
"Max","Menu","Max"
"Master Volume","Menu","Bolumen nagusia"
"SFX Volume","Menu","Efektuen bolumena"
"Ambient Volume","Menu","Girotzearen bolumena"
"Music Volume","Menu","Musikaren bolumena"
"Web Music Volume","Menu","Amaraun hotsen bolumena"
"Press to Weave Web","Menu","Sakatu amarauna ehuteko"
"Show Web Preview","Menu","Erakutsi amaraunaren aurrebista"
"Automatically Eat Flies","Menu","Irentsi euliak automatikoki"
"Keybinding","Menu","Kontrolak"
"Arachnophobia Mode","Menu","Araknofobia modua"
"Dim Background","Menu","Ilundu atzeko planoa"
"White Outlines","Menu","Ingerada zuriak"
"Hide Foreground Decorations","Menu","Ezkutatu aurreko planoko dekorazioa"
"Reset all to default","Menu","Berrezarri lehenetsiak"
"Done","Menu","Eginda"
"Bugopedia","Control mapping","Egunerokoa"
"Move up","Control mapping","Gora"
"Move down","Control mapping","Behera"
"Move left","Control mapping","Ezkerrera"
"Move right","Control mapping","Eskumara"
"Jump","Control mapping","Jauzi egin"
"Grapple","Control mapping","Heldu"
"Weave","Control mapping","Ehundu"
"Laser","Control mapping","Laserra"
"Dance","Control mapping","Dantzan egin"
"Interact","Control mapping","Interaktuatu"
"STUFF I'VE FOUND:","Journal heading","AURKITUTAKO GAUZAK:"
"THINGS TO DO:","Journal heading","EGITEKOAK:"
"Moth Nest","Airship blueprints","Sits. Habia"
"Spider Webs","Airship blueprints","Amaraunak"
"Pilot Platform","Airship blueprints","Pilotatze Plataf."
"Patches","Airship blueprints","Adabakiak"
"Engine","Airship blueprints","Motorra"
"Fuel","Airship blueprints","Erregaia"
"Resume","Resume","Itzuli"
"Main Menu","Main Menu","Menu nagusia"
"Yes","Options in a dialogue choice","Bai"
"No","Options in a dialogue choice","Ez"
"Credits","Option in main menu","Kredituak"
"Move","Controls descriptions","Mugitu"
"Pause","Controls descriptions","Pausatu"
"Aim","Controls descriptions","Apuntatu"
"The developers would like to acknowledge the Jagera, Turrbul, and Gubbi Gubbi peoples as the traditional owners of the lands on which Webbed was produced.","Acknowledgement to country at start of game","Garatzaileek jagera, turrbul, eta gubbi gubbi herriak Webbed sortu zen lurretako jatorrizko jabe gisa aitortu nahi dituzte."
"press any button","Displayed before the main menu on Xbox","sakatu edozein botoi"
"Switch user","Displayed in main menu on xbox","Aldatu erabiltzailez"
"When enabled you must press the weave button a second time to attach the other end of the web.",,"Gaituz gero, amaraunaren beste ertza itsasteko bigarren aldiz sakatu beharko duzu botoia."
"Shows a dotted line when weaving webs.",,"Marradun lerro bat erakusten du amaraunak ehuntzean."
"When disabled, a button press is required to eat flies.",,"Desgaituz gero, euliak irensteko botoia sakatu beharko duzu."
"Turns all spiders into friendly blobs. Does not affect gameplay.",,"Armiarma guztiak bolatxo lagunkoi bihurtzen ditu. Ez dio jokoari eragiten."
